id_text,text,parent_text,label,source
fj5b85b,Same.,The thought of being anxious. Vicious cycle,0,reddit
fj7tk3b,"This is the correct answer. If you canâ€™t afford the data to do this, then perhaps itâ€™s time to reevaluate your addiction.",Hotspot from your phone. Immensely easier.,0,reddit
fj9q9l9,Number of times that my son is woken by some prick who doesn't even live in our road (claims he is allowed to park there because his mum lives about 200 yards down the road and he has to leave his noisy diesel van there for safety reasons) is beyond belief. I have been out and had this out with him and he now parks outside some other poor saps house.,"Usually in a car with 12 doors, all of which need to be slammed.",0,reddit
fj72ih2,"Thank you for this. May I ask, is a UK pint 20% more or less than a US pint? Iâ€™ve never known about this and I want to know more.","US and UK pints are different by about 20% because they are derived from a gallon, which is also different between the two countries.
We have a 4 year old milk addict in the house and we have cereal too so we probably get through 12 UK pints a week, plus the Mrs has soya milk, so maybe 4 UK pints of that too.",0,reddit
fja4f98,Seems legit. 10/10 would recommend.,"The only way this works is that you apply one kilo of dung, and one litre of urine, of cow, per person. Works better if the cow is red in colour. White cow is the weakest, black is a little better, red works best.
This has to be layered, so the first day, you apply. And wait for it to dry. The next day, DO NOT WASH OFF. Apply the new stuff over the old stuff as a layer.
You have to do this until the summer comes. ~~Or Shivraathri [Feb 20/21, 2020].~~ This process needs to be continued right through summer into the rainy season, and you have to wash it off in the first rain.
And you have to go about your business. Sitting at home aggravates the symptoms.",1,reddit
1572268761708740608,@murdo_fraser @ScotParl @theSNP @ScotTories @ScottishLabour @scotlibdems Do you want them to betray their manifesto like the Tories do,Some tremendous speeches and tributes to her late Majesty Queen Elizabeth @scotparl today from across the political spectrum - @theSNP @ScotTories @ScottishLabour @scotlibdems. A little disappointing that one Party is entirely absent.,1,twitter
1572500478549979139,"And we know that if Putin were to try to out on a big ritual show it would manifest as vulgar, ugly and threatening. Not so, our British rituals, which convey a solemn looking to the eternal. Lived truth  will symbolically out: it manifests itself as beautiful.","Where we fail to see our earthly processes of rule as attempts to convey and symbolise eternal rule, they inevitably degenerate into the exercise of power and contested power. Of course such symbolisation can sanctify abuse, yet we now know that that is the lesser danger.",0,twitter
1542803021897367554,@Trainwreckstv Liked ğŸ‘€,"i barely take care of the twitter crew so fuck it, will choose 5 people who like this post &amp; give them $10,000 USD each when i wake up, will post who I choose &amp; why",0,twitter
fj51xrf,You forgot spamming 4chan with braindead threads.,"Spamming Instagram with ""Normie Garbage"", and spamming TikTok with ""Simp Trash"".",1,reddit
fj9tcyy,"I was told it was a contraction of â€œby our ladyâ€, ie the Virgin Mary. So technically swearing, but the BVMâ€™s view on the matter has not been recorded so I canâ€™t say whether she minds.","I got into deep shit  for saying this as a kid, it was explained to me at the time that it was an oath/sweary word  that was derived  from ""the blood of christ"" not as in eat my body, drink my blood for wafers and wine, but the dripping blood as he was tortured and was dying on the cross, representing the sacrifice made, So as George Carlin would call it in his seven words you cant say on TV, its dirty, but only part of the time.
Side note this was from a family where  a ex-coal-miner grandfather would frequently say 'bucking' with the same context and vehemency as fuck,  eg) ""bucking hell!"" or ""bucking television!"", that was perfectly accepted because he didn't actually say fuck, your chosen deity forbid you actually fucking swear!",1,reddit
fjcsida,Wechat + 3x mark up?,"Like why? We get it, coronavirus is serious, but you don't need like 20 packets of toilet rollsğŸ˜”ğŸ˜‘",1,reddit
fj7d5m1,"Seeing your comment made me realise , I don't get a free local paper. Think it's all online :(",Dont they print them in the local free rag anymore?,0,reddit
fjbmoq8,"Having spent a bit of time in Grafton, it probably didn't help.","No one in your country sought to abuse Australia publicly yes, but Australians, such as myself, have certainly been on the receiving end of snide remarks and hateful comments about it across the Tasman. 
That being said, that man left Australia with an open mind, to backpack through the subcontinent and was then radicalised backpacking through Europe. He was radicalised by social media, not by fucking Grafton, NSW.",1,reddit
1538459763947843584,@AnneMarieDavy1 Thanks AnneMarie thatâ€™s my true hope ğŸ’•,@NoeleenMcLaugh2 Sharing this way provides insight and can definitely help others in a similar situation so well done ğŸ’–,0,twitter
fj5a1e5,Iâ€™ve never done this. Adding it to my bucket list. Elephants are so majestic,None of the above. Just a normal girl. I got to touch an elephant. What a thrill.,0,reddit
fj62ral,"Yeah homie people jerk off watching dead cats, classmates are just normal for them","Sorry if awkward, but does anyone else here masturbate to their classmates ?",1,reddit
1578427756790308864,@303_CJ Not really,@terrystuckshop Can it just be branded as electronic music and then differentiate by calling it good or bad?,0,twitter
fj943hx,Daymmm,"Oh my god ... i never thought i would use the F word to describe the fascination my hindu brothers have for Gau mutra ....
My heart is beating out of my chest, my eyes clouded by pouring sweat,  my hand trembles as I type this ..... IT IS JUST A FILTHY  FFFF EEE TTT IIIIII SSSSS HHH .... there i said it ....",1,reddit
fj51ajs,Havenâ€™t heard that one before,Your mum,1,reddit
fj5bbs3,"9 days ago, there were 3 confirmed cases in Italy. Today, there are 1128 confirmed cases.
https://ncov2019.live/data?fbclid=IwAR1-s--6Fbl4GcI6LiZPNcM8zc9SeInPGI7GBEzexV-AmnQuoz4TtzIbs_0
DoN't pANiC.","Christ on a crumpet. People are whipping themselves up into a completely unecessary panic about this thing, OP included. Go about your normal business.  Here is the advice of the World Health Organisation:
>>RECOMMENDATIONS AND ADVICE FOR THE PUBLIC
If you are not in an area where COVID-19 is spreading, or have not travelled from an area where COVID-19 is
spreading, or have not been in contact with an infected patient, your risk of infection is low. It is understandable that you may feel anxious about the outbreak. Itâ€™s a good idea to get the facts from reliable sources to help you 
accurately determine your risks so that you can take reasonable precautions (See Frequently Asked Questions). 
We are currently low risk.  We have 25 cases, nine of which are citizens we brought home from the Diamond Princess, and fifteen of which have already recovered. While highly contagious, the illness is mild for the vast majority of people who get it, including young children who usually have higher mortality rates from flu-like illnesses.  Our health system has demonstrated that it is adept at catching and contact tracing cases, public awareness is high and people who are concerned they have been exposed have been exemplary in undertaking self-isolation. 
Quit. Panicking.",0,reddit
fj8zouf,This. Also the codes usually only last 14days.,Youâ€™ll need to phone the number and ask for a reset.,0,reddit
fj794yw,nizlopsea,J Sea B,0,reddit
1538244300340862978,@michaelcoren That is trueâ€¦we saw him attempt a ramp ğŸ˜¬,"Before the usual suspects mock #JoeBiden for falling off his bike, remember that if #DonaldTrump fell over he'd never be able to get up again.",0,twitter
fj7x2xf,"I did, but then someone explained they need constant restocking with supplies whether nuclear or not so it doesn't make all that much difference anyway",Still think these ought to be nuclear powered.,0,reddit
fjcju5l,"Thanks! I think I'm inclined towards the Himalayan, given everything I've read here and on other sites. I'm in India now and will probably visit a KTM showroom or two, though, just to get a feel for the 390. 
I'll check out the BMW G310, just since a few folks have recommended it. It looks to be at the top end of my budget, but there's a chance I may have enough money--my language program is fully funded and comes with a stipend, so if I can save enough money for a BMW, I can get one. 
However, I do have to wonder how practical it'd be to get one fixed on the fly. The big advantage of Enfields, at least in my experience, is that just about any mechanic in India can fix one in a relatively short period of time. 
I've actually had much better luck with REs in India than overseas, in part because a lot of the problems I had were exacerbated by higher average speeds in the U.S.","The only good offroading bikes in India right now in your budget are the KTM Adventure, RE Himalayan, Hero Xpulse and Bajaj Dominar. Though the dominar is not a full fledged off roader it is capable enough as it shares tye same underpinnings as its cousin KTM Duke . The BMW G310 ss is slightly over your budget, so is the KTM Adventure 390, both of these are slightly above 3 lakhs on road after local taxes but are more powerful than all the other options. The Himalayan comes in your budget and the newer 411cc BS6 ones are more reliable than the older BS4 ones, but with RE the problem is you never know when you might get a Lemon. That brings us down to Hero Xpulse whose 200cc engine is underpowered for off-roaders but is good enough in the city. 
If you are the gambling kind i would suggest the Himalayan, otherwise stick to any of the rest. Since you already owned a classic 500 you would be familiar with the temperament of a bullet.",0,reddit
1579732923032690688,@jeevanjyot20 @narendramodi Educate citizens instead of educating prime minister.  PARCIPATE &amp; bring change you wish to see. Don't seek Ministerial berth alone.,"Where is BETI PARHAO BETI BACHAO @narendramodi ?
Gujarat ranking very poor  in girl child education
Only 10%  girls in Gujarat complete graduation
20% per cent of girls don't reach class 10.
Gujarat  at the bottom in education of girls in the age group 10-14 years.",1,twitter
fj54fq3,"That's not a national problem, though. schools are controlled at the local level. it's the parents' role to campaign for that.",Change school lunches. The shit they serve at my kids school is disgusting.,0,reddit
1579719253229711360,@me_tushari Thread banale,Series of doobti quizzes ğŸ™‚ğŸ‘ğŸ»,0,twitter
1578310874280128512,â€”&amp; crippled by.This man has no right to call himself a leader of a population of this Vicâ€™t state of Australia @DanielAndrewsMP has led 6M souls into debt misrepresented values that are fooled felled &amp; flat lined,"Communist pretend to be faithful but they are committed to annihilate faith based mindsets @DanielAndrewsMP has evil intent just observe his eyes,his pride,his justifications of such evils,always his way,hurtful without careâ€”consequences that we all have been punished hurt..",0,twitter
fj5tryl,"> BJP should never have been a hindu party .
That is all they have. Without religion angle, BJP is nothing.",Political parties should never be tied so closely with religion. BJP should never have been a hindu party . All this bullshit would have never happened. Fuck religion for causing so much hate in this world.,0,reddit
fj5o7w7,"As a 32 year old, the school would give us a Â£1 book token, and had a load of books we could buy for a quid.
I didnâ€™t actually learn to read until I was 13, so even then it would have been better if they concentrated on the basics, rather than gimmicks, but what do I know, at primary school I was always called â€˜dimâ€™","How long has this whole dress g up for book day been around for? Iâ€™m 33, and honestly canâ€™t remember doing this back in school. (If we did, Iâ€™ve managed to completely erase it from memory )",1,reddit
fj87hwu,You can smell the Lynx Africa,You can smell the desperation,1,reddit
1579767181528961025,Mai yeh sounch kar tweet kiya koi traditional Dress batate gağŸ¥²,no one looks good in traditionals lets just say it together...,0,twitter
fjejqdg,"We've only been saying it since 2016. Remember when 2016 started with a load of celebrities dying? Then Brexit, then Trump. The celebrity deaths culminated with George Michael and Carrie Fisher in December. Seriously go look at all the amazing musicians and actors that died in 2016. Ever since then the world has gone fucking mental.",People say this every year.,0,reddit
1538272680465649665,@ActingTheGom @stevepcarroll â€˜inâ€™ the real world,@ActingTheGom @stevepcarroll Wouldnâ€™t last a minute I the real world. Heâ€™d be run out of town,1,twitter
1579206705816416256,Still livid at the priest who said WW111 was imminent at a children's mass today. Not least for making me define imminent as 'a long way away' to Chung Flit. What an arse. No more mass,"I never go to mass but had to this past 2 weeks for family occasions. Notable at today's mass we got a lecture on the unborn,how to pray away imminent WW111 but no mention of the tragedy up the road in Cresslough ğŸ¤”",0,twitter
1579742180264284160,@chef_rk @spmayurbhanj @DM_Mayurbhanj,"Us to book two rooms as they still practice ""unmarried couples not allowed"" ancient rule. How does one say ""Odisha by Road"" when this is a major problem.For a young working couple coming to say Mayurbhanj where do they stay?? Why not activate the Dak Bungalow circuit",0,twitter
fj9mst3,I understand you and i am trying to be honest with that user name ğŸ˜‹,I would've but I don't trust someone with that username.,0,reddit
fjchxpn,"Weâ€™ve only had 2 confirmed cases on the Island, and no known infections that took place on the island. The risk will get higher if we have cases from people who havenâ€™t been to high risk areas, because that means people are becoming infected here. The risk wonâ€™t go to high until we get to a point of infections which canâ€™t be traced.","Why is the risk still incredibly low in Ireland? I've heard it said multiple times by the health officials with no context.
Is it just a numbers game or the climate or something? possibly very complex just my two guesses.",0,reddit
fj6vpav,Rajouri Garden is more than 10km away from where I live. Why play with peopl's safety with these?,"Police confirmed that all these are rumors.
I am right now in Rajouri Garden market.  ALL PEACEFUL.   Yes, there is panic. All shop owners have shut shops and gone home as a precautionary measure. Police deployment has been done.  All metro stations are functional and running smoothly. No damage or disturbance reported 
https://twitter.com/htdelhi/status/1234143157371064321?s=20
https://twitter.com/saahilmenghani/status/1234135601181528065?s=19",0,reddit
fj5cqaf,"MOOD, being Gay or Bi would ultimately destroy the premise of this.","Have sex with all the girls, lesbians know their way around better anyway",0,reddit
fj6chfo,Thank you for your kind words but I'm still eating my Sunday roast with a side of mortification.,Nah its OK you were just being neighbourly,1,reddit
1578404639187140608,"@NathanpmYoung If you view eating animals as a negative externality, or animal welfare as a public good (or both), then the free market is not the solution.","the problem with EAs is that they hold some of the largest vegan conferences in the world, but also think that at least some of the time, the market is the solution. 

this gives bad vibes to everyone",0,twitter
fjc6zgx,"Bernie is overrated. Warren and even Buttigieg was a better option than him.
Edit: I meant Warren, not Sanders.",Seeing the rest of the Democrats show Bernie Bros whatâ€™s up has been delightful.,0,reddit
fjcqy3s,When it's a man killing a woman it does..,Not every murder becomes big news.,0,reddit
1572551199819464705,@CallTheBall22 No point. We donâ€™t move enough of them. We have some contractors to use on the occasion they come up.,@JTTsteve Next up the 747? ğŸ˜,0,twitter
fjc7rcq,Lagta hai BJP ka ticket chahiey,ee kaha se tapak pade beech me,0,reddit
1572447347933851650,@PabaluSilva Thank you ğŸ’•,@VindyaPeiris2 Absolutely not but cute. ğŸ¥°,1,twitter
1579719919822073856,@BabyLillian5 @Osbert_Khost Plz brothers,@BabyLillian5 @Osbert_Khost 7464094674 plz phone pay number fever and money,0,twitter
fj563fm,Getting someone to read it for them and type a response. Happens sometimes on this sub.,How tf would they read this,0,reddit
1578579616700465162,"@TheGamingNook1 Dishonored is pretty cool, great narrative and nice gameplay, enjoy!",@elisdee_one Enjoyed Deathloop a surprising amount so Iâ€™m doing my first ever playthrough of Dishonored now and really enjoying it so far,0,twitter
1538221558971346944,@helenmc46972890 Thanks Helen,@ElaineARoche Great picture,0,twitter
fjcfs1k,"But they're doing it in China so it must work. 
They also slung cats and dogs out of the top floor of apartment buildings, so we should probably start doing that too.",Face masks don't help you from catching it said on tv tonight. It only stops from spreading if you have it so no need to wear one.,1,reddit
fj6v1f4,"I actually am considering switching to a basic phone 
I think I am a phone addict","so guys do you also feel like a cave man when you use a budget phone instead of a flagship device? mine recently fell from 1st floor and now its getting repaired. ğŸ˜–
ps. fuk iphone. android mastrace.",1,reddit
fjccvy3,Jaysus Mary. That crowd down the laundry are really taking the piss. I hear they annexed Poland. Michaeleen was always a nice lad. What would his poor mother day Lord rest her.,"Funny how for a generation, the people of Ballsbridge wouldâ€™ve associated the swastika with that truck and every subsequent generation itâ€™s associated with you know, fascism, genocide etc
Edit: shite grammar.",1,reddit
fjc2scn,Thatâ€™s why the real people who control this country deemed they had to go,This is really sad. These guys are effectively neutral and independent and provide primary news to most other media organisations.,0,reddit
fj72p1r,"I hope so. I know there are a lot of Hindutva trolls online but I've noticed a lot with Bengali names, and they don't look uneducated/unemployed.","Ah, looks like BJP is going to lose Bengal as well.
This man loses the BJP elections in every state he interferes in, and then tries to bribe MLAs.",0,reddit
1572503030855245824,@TomLondon6 @Brown666W Of course not!,Has Lord Lebedev of Siberia and Johnson been sanctioned yet?,0,twitter
1572561266769797121,@RepLeeZeldin @PolitiBunny New York City is lost. Put a fence up along the Hudson and keep Snake Plisken on speed dial for emergencies.,"Cashless Bail MUST be REPEALED!

Judges need discretion to weigh dangerousness.

Criminals shouldnâ€™t be able to chop up tables &amp; walls of a McDonaldâ€™s, swinging the hatchet wildly at customers, &amp; be released from custody before the fries get cold.

We must take back our streets!",1,twitter
fjb3m9g,"Market and also Muslim countries didn't say much about Xinjiang as well and didn't do much about rohingya genocide. 
The middle east is kinda like in a cold war like situation.","Legit question: if shit does hit the fan, can Muslim countries refuse to sell us oil? Or is our market just too big for that? We get most of our oil from Saudis and Iraq
Historically, has it ever happened?",0,reddit
1537846527061897217,@Miriamcolleran2 Appreciate it Miriam just glad he absolutely loves Medicine,@ElaineARoche Fab news. Comhghairdeachas. ğŸ™ŒğŸ™ŒğŸ™Œ,0,twitter
1538210031317000203,@grue_tom Thank you ğŸ™ğŸ»,@ElaineARoche Class ..As always x,0,twitter
fj94ngm,"This is such a bullshit argument. Beauty isn't spending money on ornate 17th century French design. It's about good workmanship, carefully made and executed plans, ergonomics, clean and comforting colour choices etc.
Hell, some of this can be enforced with municipal codes and regulation.
Brutalism has been a fashion choice for the past few decades all over the world and India still takes the cake on ugly.
The materials we use right now can absolutely be used to make beautiful buildings. Just get better quality labour and spend some money on a competent architect.","Wrong question. Western cities have a dramatically higher per-capita civic spend. Indian cities get by on a fraction of those budgets. 
You wont claim that Bill Gates is more environment friendly than you because he makes space for a 100 trees in his home. 
Western cities 'look' beautiful because they can afford massive budgets to maintain them. Indian cities dont have the luxury so everything is utilitarian.",0,reddit
1580526367309205505,@HallieJ72 Hahahaha my reaction everytime!,@briannawrist OMG ğŸ¤£ğŸ¤£ğŸ¤£ğŸ¤£ğŸ¤£,0,twitter
fj9a4in,"Oh I agree, we've reduced and we reuse the things we can. And I recognise that a Brita filter is mostly unnecessary, but given that we use one for now I was pleased to see they can be recycled (and ashamed to say we have binned them in the past due to our ignorance). We also use them for longer than it says on the pack.","It's Reduce, Reuse, Recycle.  
They're ordered that way intentionally, with the most preferred option being reduce, and recycle being the least preferable out of these three options.
With that in mind, I am definitely doing my part, instead of recycling my Brita filter, I have opted for reusing the same one side many many moons ago.",0,reddit
1579834121706409985,"@suman_Gurjar_14 Yes am,I ok best'friends","à¤¸à¥à¤¨à¤¾ à¤¹à¥ˆ à¤¸à¤¬à¤•à¥à¤› à¤®à¤¿à¤² à¤œà¤¾à¤¤à¤¾ à¤¹à¥ˆ à¤—à¥‚à¤—à¤² à¤ªà¤°
 à¤µà¤«à¤¾à¤¦à¤¾à¤° à¤¦à¥‹à¤¸à¥à¤¤ à¤šà¤¾à¤¹à¤¿à¤ à¤²à¥‹à¤•à¥‡à¤¶à¤¨ à¤­à¥‡à¤œà¤¨à¤¾ à¤®à¥à¤à¥‡",0,twitter
fjcmgr1,Exactly bruh hop in that shower and wash that ass for 30 seconds and be super duper clean,Greed and panic. I have no problem using rags or hopping straight in the shower if need be.,0,reddit
1578290409117077504,@ImagingOdin It is and there is heaps more like it,@lochlanrocks No way that is real.,0,twitter
fj9dfbj,Now that's what I call edgy!,"Great, now what they gonna use to bash up minorities in?",1,reddit
1578287182762037250,@stilgherrian The french. They always deserve it.,"OK, who else can I offend?",0,twitter
1579737375923924992,"@theanupamkapoor @ICONIC_AGARWAL CA's child be like

A for Asset

B for Balance Sheet

C for Chartered Accountants

D for Documentation

E for Equity

Continue in the comments......",@ICONIC_AGARWAL Weight kaafi put on hgya h ğŸ˜­ aur exams tk hosh me rehna h to mid Nov tk No Choley Bhaturey ğŸ˜¶â€ğŸŒ«ï¸ğŸ¥²ğŸ˜­ğŸ˜­ğŸ˜­,0,twitter
1580492500623843328,@Parksplace2 Thank you Deacon.â¤,@Forgetfulness19 Have a great safe dayğŸ‘ğŸ¼ğŸ‘ğŸ¼ğŸ’™â˜•ï¸â˜•ï¸â˜•ï¸,0,twitter
1580441593529921537,@SarahGraff13 @PeteButtigieg Now that is really cool!!!  Thanks for sharing that,"Just ran in to @PeteButtigieg in the Charleston SC airport! Couldnâ€™t help myself.. as he went by I yelled, â€œI love you Pete! Youâ€™re awesome dude!â€ And he turned around and smiled and waved. Iâ€™m a fan ğŸ’™",0,twitter
fja7g52,"this is how randia used to be before it crossed 1lac mark.
now its all news links.",Thank you guys for making me feel so welcome. And being so helpful! This is a nice space.,0,reddit
1572346398967840768,"@King_Shark95 @buitengebieden Hi Fissyomi, this series is called The Mating Game, it explores the extraordinary range of courtship strategies animals use to win over a mate, from deserts to oceans &amp; jungles to freshwater habitats! You can watch it on BBC iPlayer, we'd love to hear what you think!ğŸ˜ŠâœŒğŸ“½ğŸ¦š","@buitengebieden @TaniaEsteban_ Name of this programme anyone??
Loved watching his docs growing up..",0,twitter
1579715753968033793,"@Sanjayc88673087 @Arshi31802082 @SahanaB36925110 OMG,u Robot",@Arshi31802082 @SahanaB36925110 10,1,twitter
fj54bb5,How often do you see any kind of baby bird?,pigeons are surveillance drone placed by the government. Iâ€™ve never seen a baby pigeon. They just spawn out of nowhere.,1,reddit
fj8c7v9,Hahaha.,not all sydney man,0,reddit
1578980956131962881,@debsw_nras Thanks Debs ğŸ’œ,@joelvsarthritis I'm older than you Joel and no!!! Life is always changing and sometimes the best plan is no plan...see where life takes you.,0,twitter
fj58vvx,"When we see emojis on Reddit, we wash em out","No tik tok, no emojis and is actually funny",0,reddit
fj6ru7e,Climate Change does not allow me to be optimistic,Anyone optimistic about the future?,0,reddit
fj7s1qb,"has to be fake, Bro? in Ballymun?","Bullshit, that definitely didnâ€™t happen.",0,reddit
fjas9dn,"I'm in one of those places where I might end up with a brick through my window, you know, England.",I'm American. I would definitely go running out there and confront him one morning. Sometimes it makes it worse but sometimes it ends it. It makes you look kind of crazy but that can work to your advantage.,1,reddit
1580526450050232320,@soonerleesa What is so frustrating?,@soonerleesa What is Sooner Leesa?,1,twitter
fj6ob1o,"I'm down south mate so that wasn't it, weird!",I saw the exact same thing in a Greggs in Manchester Victoria. Weird!,0,reddit
fj57y7k,"Speaking from experience, my brother was abusive to me and my sisters. Now, I just don't talk to him as much. I wish you the best.",My sister loved stealing my things and my brother loves beating me up. My parents only ever told me to â€œjust deal with it or fight backâ€. If i fought back Iâ€™d just get more hurt,0,reddit
1578331679613079552,@LilSushiAU Yerp! Near the escalator,@PeteCurulli Ohh shit petey you're here too !?!?!,0,twitter
fjalhpq,Conservative. That's a nice way to spell fascists.,So you are mad because the Conservative BJP cares more about Hindu families and customs than other cultures?,1,reddit
fj5e561,Yup,Probably BoTW and Minecraft,0,reddit
fj5q591,"That was me!
Itâ€™s fun to feel the outward force gradually increase, and overtake gravity. You can move like Spider-Man before it reaches full speed and turn yourself upside down. Makes you well dizzy though.",There was always one mental kid who would go on it upside down.,0,reddit
1536814486715346945,"Wordle 360 4/6

ğŸŸ¨â¬›ğŸŸ¨ğŸŸ¨â¬›
â¬›ğŸŸ¨ğŸŸ¨ğŸŸ¨â¬›
â¬›ğŸŸ¨ğŸŸ¨ğŸŸ¨â¬›
ğŸŸ©ğŸŸ©ğŸŸ©ğŸŸ©ğŸŸ©","Wordle 359 3/6

â¬›ğŸŸ¨â¬›â¬›ğŸŸ¨
ğŸŸ©ğŸŸ¨ğŸŸ¨â¬›ğŸŸ¨
ğŸŸ©ğŸŸ©ğŸŸ©ğŸŸ©ğŸŸ©",1,twitter
1579753411146579969,"@swamianandswaro à¤¯à¥‡ à¤¹à¤¿à¤¨à¥à¤¦à¥à¤¤à¥à¤µà¤µà¤¾à¤¦à¥€ à¤¨à¤¾à¤® à¤®à¤¾à¤¤à¥à¤° à¤•à¥€ à¤¸à¤°à¤•à¤¾à¤° à¤¹à¥ˆà¥¤  à¤¹à¤¿à¤¨à¥à¤¦à¥à¤“à¤‚ à¤•à¥‡ à¤¹à¤¿à¤¤ à¤®à¥‡ à¤•à¥Œà¤¨ à¤¸à¤¾ à¤•à¤¾à¤® à¤•à¤¿à¤¯à¤¾ à¤¹à¥ˆ ??
à¤¹à¤®à¤¾à¤°à¤¾ à¤¦à¥‡à¤¶ à¤§à¤°à¥à¤® à¤ªà¥à¤°à¤§à¤¾à¤¨ à¤¦à¥‡à¤¶ à¤¹à¥ˆà¥¤  à¤œà¤¹à¤¾à¤‚ à¤¸à¤¾à¤§à¥ à¤¸à¤‚à¤¤à¥‹à¤‚ à¤•à¤¾ à¤†à¤¦à¤° à¤¨à¤¹à¥€à¤‚, à¤µà¤¹ à¤¦à¥‡à¤¶ à¤•à¥ˆà¤¸à¥‡ à¤µà¤¾à¤¸à¥à¤¤à¤µà¤¿à¤• à¤¤à¤°à¤•à¥à¤•à¥€ à¤•à¤° à¤¸à¤•à¤¤à¤¾ à¤¹à¥ˆà¥¤
à¤œà¤¹à¤¾à¤ à¤šà¥€à¤¤à¥‹à¤‚ à¤•à¤¾ à¤¸à¥à¤µà¤¾à¤—à¤¤ à¤”à¤° à¤…à¤¸à¤®à¤¯ à¤—à¤¾à¤¯à¥‹à¤‚ à¤•à¥‹ à¤®à¤¾à¤°à¤¾ à¤œà¤¾ à¤°à¤¹à¤¾ à¤¹à¥ˆ, à¤§à¤¿à¤•à¥à¤•à¤¾à¤° à¤¹à¥ˆà¥¤",à¤¬à¤¡à¤¼à¥‡ à¤¬à¤¡à¤¼à¥‡ à¤†à¤¤à¤‚à¤•à¤µà¤¾à¤¦à¤¿à¤¯à¥‹à¤‚ à¤…à¤ªà¤°à¤¾à¤§à¤¿à¤¯à¥‹à¤‚ à¤•à¥‹ à¤ªà¤°à¥‹à¤² à¤”à¤° à¤¬à¥‡à¤² à¤®à¤¿à¤² à¤°à¤¹à¤¾ à¤¹à¥ˆ à¤²à¥‡à¤•à¤¿à¤¨ à¤²à¤—à¤­à¤— à¥§à¥¦ à¤¸à¤¾à¤² à¤¸à¥‡ à¤œà¥‡à¤² à¤®à¥‡à¤‚ à¤¬à¤‚à¤¦ à¤†à¤¸à¤¾à¤°à¤¾à¤® à¤¬à¤¾à¤ªà¥‚ à¤•à¥‹ à¤¨à¤¾ à¤ªà¤°à¥‹à¤² à¤®à¤¿à¤²à¤¤à¤¾ à¤¹à¥ˆ à¤¨à¤¾ à¤œà¤¼à¤®à¤¾à¤¨à¤¤ à¤¯à¥‡ à¤¹à¤¿à¤‚à¤¦à¥à¤¤à¥à¤µ à¤•à¥€ à¤¸à¤°à¤•à¤¾à¤° à¤¹à¥ˆ ..,0,twitter
1572561315880902656,@hannahbggg Soul*,@hannahbggg Coming from dudes that have never put as much heart and sole into their passions to pursue something a very small percentage of people accomplish. Keep grinding and doing you! F the haters!,0,twitter
1572561433304637440,"@MikeMiracles If the Titans man up and win this weekend, theyâ€™re right back in it this season. Itâ€™s way too early to write them off completely! But my confidence is low after what we saw the past two weeks ğŸ˜¥

Colts vs Chiefs
Jags @ Chargers",Anybody got a parking pass they wonâ€™t be using for Sundayâ€™s Titans-Raiders game?,1,twitter
fj9g0i0,That's awesome man! Congratulations!,"Yes. There are lots of people who find what they want on dating apps. 
I for one, have found the love of my life. We're gonna get married in the foreseeable future. 
Also, I've seen enough posts on r/tinder where people have married each other after meeting on tinder. 
It all depends on you. Make it clear initially what you're looking for and you will find it. 
PS : 28 isn't old. You're going to be a hit on those apps. :)",0,reddit
1579752893275860992,@ANI Honâ€™ble court had not taken a single step as suo moto cognizance nor to CBI from the first Mob Lynching - Mohsin Shaikh in Pune on 2 June 2014 to A 22-year-old Ejaz Ansari resident of Gumla in Jharkhand.,"@ANI [Palghar Lynching Case] Maharashtra Govt says it is willing to hand over investigation to CBI, ""would have no objection for the same"", their affidavit before Supreme Court reads. When it comes to certain community neither",0,twitter
fjcgopx,With that attitude. We still would have been slaves of britishers.,"Lol. They said they will demand resignation of HM. 
Aiming for the stars I guess",1,reddit
fj58flv,I am really fucking happy for you dude,"Lowest point was probably the year after high school. My parents had divorced and my mom moved out first after keeping me on lockdown because she found out I was dating a girl. Then my dad moved out to live with my now step mom. I went from having no freedom at all to having absolute freedom, and I did not handle it well. I did a lot of drugs and drank a lot of alcohol. Most of the time, the only consumables in the house wee ramen and booze. I didnâ€™t even care about taking care of myself because I was drunk or high all the time. 
I think the highest point is now. I bought a house last September, got out of an unhappy marriage, my teenager is absolutely thriving, Iâ€™ve got a decent paying job, published two novels, and I got back together with that same girl I dated twenty years ago. Things are going really well now.",0,reddit
1580558356246188032,@joncoopertweets ğŸ’™,"Kevin Sorbo is asking people if they regret getting the jab, firing up thousands of MAGA lunatics in the comments. Let's fight back.

Drop me a ğŸ’™ below if you are HAPPY you got vaccinated! ğŸ‘‡",0,twitter
1578549420962250752,"@KoimiaX Well, the only major complaint",@TheSp33d3mon Then you havenâ€™t been looking hard enough if thatâ€™s the only complaint youâ€™ve seen.,0,twitter
1580326446459125760,@jimabernethy Hi Jim,@calvin_knapp Boo Hoo,0,twitter
fj93pkp,ISIS if it was Hindu basically,India is a rogue nation of RSS Hindutva.,0,reddit
fjamxcs,"My brother recommended posting a note saying:
â€œIâ€™ll park wherever I want you   _  _  _  _   _  _ _ â€œ.","Fill in the blanks and give it back, I think that's the game",0,reddit
fj5cu36,"What media are you talking about? This is media. Twitter is media. Facebook is media.
People should stop reading sensationalist news and hyper partisan news. They should stop watching entertainment news (And by that, I mean news thatâ€™s designed to be entertainment).
People should absolutely read trusted news sources. Journalists do one of the most important jobs in our Democracies and people should absolutely listen to them, learn how to interpret bias and learn how to have an informed opinion based on that interpretation. Read The New York Times *and* The Wall Street Journal. Read The Economist *and* Foreign Policy. Read The National Review *and* USA Today. Watch NPR. These are trusted sources of news and informed opinion from the left and the right and itâ€™s your job as a citizen to read them and use them to form your own opinion.
A society where weâ€™re all just forming our opinions based on what those around us say or what our own timeline says is not a healthy society.",The media. They thrive off of fearmongering and people are dumb enough to fall for that.,0,reddit
1578333096168292352,@EatSleepFutBall Leave him on liability ğŸ˜‚,Can Lecroix pick up a second yellow before FT?,0,twitter
fja4rc1,It's a freemason sex wink,Does he wink the wrong way or is it just me?,1,reddit
fj5dgq2,I miss Whataburger so much. Moved back home and the best we've got now is Lee's Chicken,Whataburger,0,reddit
fj5c27m,Is that Blades of Glory?,"""We're going to skate to one song, one song only.""",0,reddit
fj53b7b,;),What in the actual crap is wrong with you,1,reddit
1578297418126626818,@tcxnfn @LNPvoterfail Such lazy journalism,The #stage3taxcuts blab fest continues on your ABC #afternoonbriefing #InsidersABC #TheDrum there's no other news,0,twitter
1538579429043195905,@kadmom1 @redbyrde Completely agree. Itâ€™s so important to us.,"NO ONE should EVER be shamed because they want to know their biological family. This includes adopted/fostered people, donor conceived people, as well as anyone who was not given a chance to meet their bio family - for whatever reason.",0,twitter
fj54kus,"Saw it, that was good",I really liked the gentlemen with Matthew mchowevwr you spell it,0,reddit
fj514lu,Thereâ€™s dildos in the kids section?,Throw dildos until you can reach the whips,1,reddit
1579878273575575563,"@MonikaP34435512 Untill, the body tells you - ""inner peace""",An ideal nap should be of how many minutes?,0,twitter
1572501123348455426,@gold123win @earlthedyer @EUtopean The weather looks pretty promising Reg.,@mulldog Good news for â€œLuxenbourgâ€ for Arc as long as rain keeps away it should be fine A class act should have been unbeaten only one mishap when he stumbled coming out of the stalls in 2000 gns at Newmarket did really well to finish 3rd Now back to his best @earlthedyer @EUtopean,0,twitter
fj9bf05,when did NCP have an ideology,Looks like NCP will also go the hindutva route after sharad pawar dies.,1,reddit
fjc4zx0,Wonder who downvoted your comment.. seems like a reasonable concern.,"Thatâ€™s America now. It starts of with a bit of prejudice (like trans in the army) and mutates into policy signed off by the great one. Itâ€™s disturbing watching people have their rights stripped from them. Maybe this ban is just another of those prejudices to policy, be careful.",0,reddit
1538796947636633602,@WOpinionated Song,@CaroMThomas the song or the place?,0,twitter
fj9c9s3,"They sold off a few depots about 2 years ago (Leichhardt, Burwood, Kingsgrove and Tempe).
The government still owns Ryde, waverley, Botany, Brookvale, Randwick, Willoughby, North Sydney and Monavale.",Wasn't it already contracted and sold years ago through backroom deals? I know people working in the industry and they knew about the privatization over a year ago.,0,reddit
1579888620747468800,"@stufflistings Q7) A. Cream ğŸ¼

#GalaxyZFlip3 
#FlipAtFlipkart #GalaxyZFlip3 
#GalaxyZFlip3Giveaway 
#stufflistingsarmy 
@stufflistings","Q7. Which color of the #GalaxyZFlip3 would you like to win?
A. Cream
B. Phantom Black
C. Lavender
#FlipAtFlipkart #GalaxyZFlip3 #GalaxyZFlip3Giveaway #stufflistingsarmy",0,twitter
fjc16ox,The middle management who are the liberal party donâ€™t know or care about science or even common sense.,who the fuck lets this shit happen? what the fuck is wrong with the people in charge of this country? nature is one of our most valuable assets and they seem to want to fuck everyone out of it for a quick buck now. disgraceful.,0,reddit
fj53i7q,I also choose this man's wife.,My wife.,1,reddit
fj55qqu,As an introvert i can agree with this,Talking to NPCs (acquaintances),0,reddit
fj65q6g,That sentence contains a logical contradiction.,A nicely brewed Yorkshire tea !!,0,reddit
fj7pbfi,Yes it's inexpensive but IMO it's overpriced for what it is. The price of the mediocre sausage rolls is shocking.,Opposite of overpriced. Entire draw of it is how cheap it is. Use the change at the bottom of my pocket that never gets used for anything else.,0,reddit
fjci656,Also those proper masks lose their effectivity after 4 hours( moisture from breath) so change it frequently,"If you are wearing this mask for screening corona virus whole day, you will be the first person to catch it. At least wear proper dress like doctors in China",0,reddit
1572500589946327041,@blvffs Please my middle name is randomly xx,â™¡picking randomlyâ™¡,1,twitter
fj8m0zb,Nobody messes with Adam We,"Adam We!
(I'm happy that's the second time I got to post this today)",0,reddit
1572452023819444224,@duty2warn Throw him in prison too.,â€œI personally thought it was a good idea.â€ â€”Mitch McConnell on the illegal and immoral transporting of migrants,0,twitter
1578275426933538816,@itstilby I like pins ğŸ˜…,@CassieMcD_ good l o r d,0,twitter
1538202451370823681,@PenzRob Thanks very much Rob. Hope youâ€™re keeping well ğŸ™ŒğŸ¼,"@AlexMcHenry97 Congratulations Alex, plenty of game time is the key mate!  All the bestâ€¦ unleash ğŸ‘Œ",0,twitter
fj6j93j,"Liverpool lost and I forgot my homie's bday
Sucks","3 of my ex colleagues from my previous company quit yesterday, 2 I was on very good terms with, including a guy that was among the top performers who couldn't handle the politics any more.
Meanwhile David de Gea (and Jordan Pickford) are collecting their paychecks.
Another mate (my bestie at work and said top performer's roomie) just spilled the beans today on why HR encouraged me to quit during probation period itself so he could save 185000 for the company.
Sucks.",1,reddit
1578283752522149889,"@normal_andy If itâ€™s too clean, I feel as though itâ€™s unAustralian",@elisdee_one Oh you dirty bugger ğŸ¤£,0,twitter
1578297078140129280,@Borto74 @ChrisDuley7,RIP my neighbour who told his wife he was popping out to get some sewing thread but got distracted and went to the pub instead. Gone but not for cotton. #dadjokes,0,twitter
fj903ht,Most likely because of they constitute only 14% of the population? (According to wiki),"If Muslims are prone to crime, and Indian police is biased against Muslims, then why are only 16% of convicted prisoners are Muslims?
That statistic does not show that Muslims are disproportionately criminal",0,reddit
1577970730087522304,@BigKano89 @terrypunter5 @essendonfc Tall players take time to develop. Takes time for them to build their bodies as they are usually string beans as youngsters.,"@terrypunter5 @essendonfc I rate this tweet, hopefully weâ€™re saying at the end of the year that the change in coach has resulted in significant improvement for all of them. For me, Iâ€™ve been most concerned about Zach Reid and Nik Cox, these are players that could have enormous upside",1,twitter
fjepd7j,"They have special maps of Ireland in Dublin. Everything beyond the M50 is just marked, ""Here Be Dragons.""","Find it awful grandiose that we've just renamed Dublin to East Ireland without consulting anyone, but fair enough.",1,reddit
1572556978706345984,@RedapuffenLOUD Thanks Reda â€¼ï¸â€¼ï¸ğŸ˜,@damnimwild Happy birthday Fatboy !!,0,twitter
